{"PEE": [56.2503, 48.0538], "PKV": [58.4313, 31.3155], "IWA": [56.8522, 60.6544], "KVX": [57.1902, 40.5847], "MSQ": [53.88, 27.55], "MCX": [46.2208, 48.0384], "LED": [59.806084, 30.3083], "AER": [43.4489, 39.9569], "SVO": [55.9726, 37.4146], "DME": [55.4146, 37.8994], "VKO": [55.6033, 37.2922], "IST": [41.2611, 28.7422], "KUF": [53.5066, 50.1644], "TLV": [32.0114, 34.8867], "VAR": [43.2321, 27.8251], "DUS": [51.2809, 6.7573], "KUT": [42.178349, 42.491012], "AAQ": [44.8953, 37.3194], "BOJ": [42.5667, 27.5], "BUS": [41.6103, 41.6056], "MAN": [53.365, -2.2725], "ALA": [43.3506, 77.0275], "SIP": [45.03825865, 33.983081202732265], "LTN": [51.87810155, -0.36642547440865236], "CND": [44.36116535, 28.486131111003402], "LGW": [51.1541082, -0.18231164991272042], "LIL": [50.5681339, 3.105251611858831], "OTP": [44.56833895, 26.102553581111806], "SOF": [42.6955647, 23.41420825648208], "ATH": [37.9372535, 23.95462175657147], "CRL": [50.463637250000005, 4.466173283859401], "VIE": [48.10499675, 16.5848987032657], "AUH": [24.44091805, 54.63770489482805], "EIN": [51.45190135, 5.374880299362334], "WMI": [52.450885650000004, 20.648988117621318], "KRK": [50.078255299999995, 19.78625376760332], "AJI": [39.6579222, 43.023644796106794], "ESB": [40.1230634, 32.99872088625601], "SXB": [48.538870900000006, 7.62546622862428], "GYD": [40.4728104, 50.049097530024156], "BEY": [33.8184914, 35.49091212064463], "NKT": [37.3645453, 42.05571232392907], "OSL": [60.19786535, 11.09967535417638], "COV": [36.894086200000004, 35.064664016271706], "RUH": [24.95862035, 46.71103959713413], "ASR": [38.773475250000004, 35.49468492689121], "KCM": [37.53790305, 36.95420831382031], "GZT": [36.94849055, 37.4714722488129], "DLM": [36.71183085, 28.785783840398203], "VAN": [38.4681918, 43.33128749086775], "NJF": [31.98925645, 44.40373375222616], "MAD": [40.4952269, -3.573373302702902], "ONQ": [41.5086358, 32.08897133952877], "NOP": [42.01850965, 35.07452816070304], "SAW": [40.89433405, 29.311805841114285], "SZF": [41.2562275, 36.5547365620795], "BER": [52.366493500000004, 13.488038876885103], "ADB": [38.289534950000004, 27.158839158134594], "AYT": [36.89994245, 30.798191449837162], "OGU": [40.9670354, 38.08806847026864], "TZX": [40.99444235, 39.78903849616105], "JED": [21.68397535, 39.16348518961758], "STR": [48.68842195, 9.205392504886913], "AMM": [31.72380235, 36.007236991673565], "RZV": [41.1793273, 40.850241], "IKA": [35.41646085, 51.144832361543735], "MRV": [44.22621995, 43.081651070827434], "RIX": [56.922239649999995, 23.97264338931523], "DTM": [51.51690725, 7.609717871665552], "BUD": [47.43527295, 19.2535105675693], "LCA": [34.87035305, 33.61853258381693], "VNO": [54.634968549999996, 25.290539397772072], "KTW": [50.4759985, 19.08491631462388], "WAW": [52.16306505, 20.970814903702912], "MXP": [45.629627299999996, 8.723547468967393], "CIA": [41.79954695, 12.591271133206927], "SKG": [40.51980185, 22.974086812428308], "BCN": [41.29694395, 2.0790473629813215], "GOJ": [56.229519749999994, 43.78400637227456], "KJA": [56.176901099999995, 92.48130371695105], "OSW": [51.0736434, 58.59857484668805], "MED": [24.55548575, 39.70608593924767], "ECN": [35.15175225, 33.50353179562835], "ASB": [37.9837541, 58.3626706334217], "CDG": [49.0068908, 2.5710819691019156], "BEN": [32.10091765, 20.273410208918982], "MZH": [40.8383511, 35.52713546568311], "BAH": [26.2696777, 50.63288440327417], "ERZ": [39.94894825, 41.17155807631481], "ADD": [8.979188650000001, 38.796579324672024], "URC": [43.90384975, 87.46809235999308], "FRA": [50.02441255, 8.555200257325986], "DXB": [25.252671300000003, 55.36527556295256], "ADF": [37.7303054, 38.46628851425726]}